{"assets/images/customshape.png":["assets/images/customshape.png"],"assets/images/emptycard.png":["assets/images/emptycard.png"],"assets/images/geotech.png":["assets/images/geotech.png"],"assets/images/geotechtext.png":["assets/images/geotechtext.png"],"assets/images/icon.png":["assets/images/icon.png"],"assets/images/image.png":["assets/images/image.png"],"assets/images/no.png":["assets/images/no.png"],"assets/logo/icon.png":["assets/logo/icon.png"],"assets/logo/icon2.png":["assets/logo/icon2.png"],"assets/logo/logo.png":["assets/logo/logo.png"],"assets/logo/svg.svg":["assets/logo/svg.svg"],"packages/cupertino_icons/assets/CupertinoIcons.ttf":["packages/cupertino_icons/assets/CupertinoIcons.ttf"],"packages/font_awesome_flutter/lib/fonts/fa-brands-400.ttf":["packages/font_awesome_flutter/lib/fonts/fa-brands-400.ttf"],"packages/font_awesome_flutter/lib/fonts/fa-regular-400.ttf":["packages/font_awesome_flutter/lib/fonts/fa-regular-400.ttf"],"packages/font_awesome_flutter/lib/fonts/fa-solid-900.ttf":["packages/font_awesome_flutter/lib/fonts/fa-solid-900.ttf"]}